desc_tag,actual,llm_pred,xgb_pred,llm_correct,xgb_correct,llm_reasoning,input_tokens,output_tokens,cost_usd
no_desc,1,0,0,0,0,"This loan shows elevated default risk due to the very high interest rate, low income relative to obligations, F-grade classification, and high revolving utilization. Although the borrower has a mid-range FICO score and no recent major delinquencies, the overall profile is more consistent with a charged-off outcome than full repayment.",502,77,0.00241
no_desc,1,1,1,1,1,"This borrower shows a solid credit profile with good FICO scores, no delinquencies or bankruptcies, moderate debt-to-income and revolving utilization, and a long credit history. The loan is relatively small with a low interest rate and strong B1 grade, which together suggest a higher likelihood of full repayment.",504,76,0.0024000000000000002
no_desc,1,1,1,1,1,"This borrower shows several strengths that support full repayment: solid income relative to the small loan amount, moderate debt-to-income, long credit history, and no bankruptcies or public records. While there is some risk from a recent delinquency, 3 recent inquiries, and moderately high revolving utilization, the overall profile still looks more consistent with a Fully Paid outcome than a charge-off.",502,90,0.0026049999999999997
no_desc,1,1,1,1,1,"This borrower appears low risk given the strong credit profile: high A-grade loan, solid FICO around 725-729, no delinquencies or bankruptcies, moderate utilization, and a low debt-to-income ratio relative to strong income. The long credit history and clean repayment record further support a prediction of full repayment.",507,79,0.0024525
no_desc,1,1,0,1,0,"The borrower shows generally solid credit quality with mid-to-high 680s FICO, no recent delinquencies or bankruptcies, long credit history, and only one recent inquiry. While the debt-to-income ratio and revolving utilization are somewhat elevated and the grade is mid-tier C3, the verified income, mortgage-backed stability, and clean repayment history support a Fully Paid prediction.",506,90,0.002615
no_desc,1,1,1,1,1,"This borrower shows several positive repayment indicators: solid verified income, low debt-to-income ratio, long employment and credit history, no recent delinquencies, no bankruptcies, and no recent inquiries. While the grade is mid-tier and revolving utilization is high, the overall credit profile appears stable enough to support full repayment.",503,78,0.0024275
no_desc,1,1,1,1,1,"This borrower appears likely to fully repay due to a strong FICO score, low interest rate, no recent delinquencies, no bankruptcies, and limited recent credit-seeking activity. While income is modest and there is a past delinquency on record, the overall credit profile and grade suggest relatively low default risk.",498,78,0.002415
no_desc,1,1,1,1,1,"This borrower appears very likely to fully repay based on the exceptionally strong credit profile: top-tier A1 grade, very high FICO score, long credit history, no delinquencies or bankruptcies, and low revolving utilization. The loan amount is modest relative to income, with a reasonable DTI and stable long employment history, all of which support low default risk.",506,88,0.0025849999999999996
no_desc,1,1,1,1,1,"This borrower shows a generally solid credit profile with a mid-to-good FICO score, verified income, moderate debt-to-income ratio, no recent delinquencies, no recent inquiries, and no bankruptcies or public records. While there is a past delinquency and relatively short employment history, the overall risk appears moderate and more consistent with full repayment than charge-off.",505,87,0.0025675
no_desc,1,1,0,1,0,"Despite the higher interest rate and mid-tier D3 grade, the borrower shows several positives: solid income relative to the loan size, verified income, no recent delinquencies or inquiries, no bankruptcies, and a near-700 FICO score. The elevated DTI and past delinquency add risk, but overall the profile appears more likely to fully repay than charge off.",502,90,0.0026049999999999997
no_desc,1,1,0,1,0,"This borrower appears more likely to fully repay based on a solid mid-tier B grade, long credit history, no recent delinquencies, no recent inquiries, and stable employment length. While the high revolving utilization, modest income, and prior bankruptcy add risk, the overall profile is more consistent with a performing loan than a charge-off.",504,81,0.0024749999999999998
no_desc,1,1,1,1,1,"The borrower shows generally solid repayment capacity with a good FICO score around 700, long employment and credit history, no delinquencies or bankruptcies, and verified income. While the D-grade, high interest rate, elevated DTI, and high revolving utilization add risk, the overall profile still leans toward fully paid rather than charged off.",507,84,0.0025275000000000002
no_desc,1,1,1,1,1,"This borrower appears likely to fully repay given the strong credit profile: high FICO score, low debt-to-income ratio, long employment and credit history, very low revolving utilization, and no bankruptcies or public records. Although there is a prior delinquency, the overall risk remains low, especially with the small loan amount and relatively strong B1 grade.",504,85,0.002535
no_desc,1,1,1,1,1,"This borrower appears low risk due to a strong FICO score, top-tier A2 grade, very low revolving utilization, no delinquencies or bankruptcies, and a long credit history. Although income is modest and the loan is not verified, the small loan amount and low debt burden support a prediction of full repayment.",500,79,0.002435
no_desc,1,1,1,1,1,"This borrower shows strong credit quality with an A/A2 grade, high FICO score, no recent delinquencies, no bankruptcies, and a long, established credit history. The loan amount and payment also appear manageable relative to income, with a moderate DTI and reasonable revolving utilization, supporting a likely fully paid outcome.",507,80,0.0024675
no_desc,1,1,1,1,1,"This borrower shows strong repayment indicators: solid income relative to the loan size, good FICO scores, low debt-to-income ratio, no recent delinquencies, and no bankruptcies or public records. While employment length is very short and there is a past delinquency on record, the overall credit profile and moderate utilization support a Fully Paid prediction.",503,84,0.0025174999999999998
no_desc,1,1,1,1,1,"This borrower appears more likely to fully repay based on a solid mid-to-high FICO score, no delinquencies or bankruptcies, moderate debt-to-income ratio, and a long credit history. The loan amount is relatively small versus income, and the borrower has stable housing status, though short employment length and unverified income add some modest risk.",505,84,0.0025225
no_desc,1,1,1,1,1,"This borrower shows generally strong credit quality with a solid FICO score around 710, low interest rate, moderate DTI, long credit history, and no bankruptcies or public records. While there is some recent delinquency history, the overall profile is more consistent with a loan that is likely to be fully repaid than charged off.",506,82,0.002495
no_desc,0,1,1,0,0,"This borrower appears likely to fully repay due to very strong credit quality: high FICO, long credit history, high verified income, very low DTI, and extremely low revolving utilization. While the recent delinquency and relatively high number of recent inquiries add some risk, the overall profile remains solid and supportive of repayment.",504,78,0.00243
no_desc,1,1,1,1,1,"This borrower shows generally solid repayment capacity: a mid-to-good FICO range, long credit history, no recent delinquencies or bankruptcies, low debt-to-income ratio, and stable employment history. While the high revolving utilization and non-verified income add some risk, the overall profile leans more toward full repayment than charge-off.",507,82,0.0024974999999999997
no_desc,1,1,1,1,1,"This borrower appears more likely to fully repay due to strong credit quality: high FICO (725-729), low revolving utilization, long credit history, verified income, and no bankruptcies or public records. While there is a recent delinquency history and a fairly active number of recently opened accounts, the overall risk profile remains solid for a grade B 36-month loan.",503,89,0.0025924999999999998
no_desc,0,1,1,0,0,"Despite the below-prime D1 grade and one recent delinquency, the borrower has several positives: long employment and credit history, low debt-to-income ratio, verified income, mortgage stability, and no bankruptcies or public records. The mid-660s FICO and moderate revolving utilization suggest some risk, but overall the profile looks more consistent with full repayment than charge-off.",505,90,0.0026125
no_desc,1,0,0,0,0,"This application shows elevated default risk due to the high interest rate and low grade (E1), high debt-to-income ratio, high revolving utilization, and very short employment history. Although the borrower has a moderate FICO score and no recent delinquencies, the overall profile is more consistent with a charged-off loan than a fully paid one.",505,83,0.0025075
no_desc,1,1,1,1,1,"This borrower appears more likely to fully repay due to a solid mid-grade credit profile, no delinquencies or bankruptcies, moderate revolving utilization, and a manageable loan size relative to income. While the DTI is somewhat elevated and recent inquiries are a mild risk factor, the overall credit history and clean repayment record support a Fully Paid prediction.",502,83,0.0025
no_desc,1,1,0,1,0,"The borrower shows generally solid credit characteristics, including a mid-to-high 670s FICO, no recent delinquencies, no bankruptcies, no recent inquiries, long employment history, and over 12 years of credit history. Although the interest rate and grade indicate moderate risk, the relatively low debt-to-income ratio and clean repayment history suggest this loan is more likely to be fully paid.",501,93,0.0026474999999999997
no_desc,1,0,1,0,1,"This application shows elevated credit risk due to a mid-to-lower FICO range, grade C5 pricing, and a recent history of delinquency with 2 delinquencies in the last 2 years. While the debt-to-income ratio is low and credit history is fairly long, the prior payment issues and relatively high revolving utilization suggest a higher likelihood of charge-off.",503,89,0.0025924999999999998
no_desc,1,1,1,1,1,"This borrower appears more likely to fully repay based on solid income, good FICO score, long credit history, no recent delinquencies, no bankruptcies, and no recent inquiries. While the high revolving utilization and moderate debt-to-income ratio add some risk, the overall profile is stronger than typical charged-off cases.",502,78,0.002425
no_desc,1,1,1,1,1,"This borrower appears more likely to fully repay due to a solid B-grade profile, verified $75,000 income, long credit history, no recent delinquencies, no bankruptcies, and no recent inquiries. While the debt-to-income ratio and revolving utilization are somewhat high, the overall credit profile is still consistent with repayment rather than charge-off.",503,84,0.0025174999999999998
no_desc,0,1,1,0,0,"This borrower appears more likely to fully repay based on solid income, a mid-to-good FICO range, no recent delinquencies or inquiries, and moderate debt utilization. While there is a past delinquency on record and the loan purpose is less specific, the overall credit profile and affordability metrics look reasonably strong.",500,77,0.002405
no_desc,1,1,1,1,1,"The borrower shows generally solid repayment capacity with verified $81.5k income, a moderate 16.73 DTI, long employment and credit history, and no recent delinquencies, bankruptcies, or public records. While the FICO is mid-range and there is some prior delinquency history with moderate revolving utilization, the overall profile aligns more with a likely fully paid outcome than a charge-off.",502,96,0.002695
no_desc,1,1,1,1,1,"This borrower appears likely to fully repay due to the strong overall credit profile: A-grade loan, verified $67k income, long credit history, no delinquencies or bankruptcies, and only 1 recent inquiry. While revolving utilization is somewhat elevated at 73% and DTI is moderate, the low interest rate and clean payment history support a Fully Paid prediction.",504,89,0.002595
no_desc,1,1,0,1,0,"The borrower shows several strong repayment indicators: solid FICO (720-724), no delinquencies, bankruptcies, or recent inquiries, long employment history, and over 11 years of credit history. While the D-grade, high interest rate, and elevated revolving utilization increase risk, the clean credit profile and verified income suggest this loan is more likely to be fully repaid.",503,91,0.0026225
no_desc,1,1,0,1,0,"The borrower shows generally solid credit fundamentals: mid-to-high FICO (~692), no delinquencies or bankruptcies, low revolving utilization, and over 12 years of credit history. While the interest rate and D-grade indicate elevated risk, the small loan size, manageable DTI, and clean repayment history suggest this loan is more likely to be fully paid.",503,87,0.0025624999999999997
no_desc,1,1,1,1,1,"This borrower appears likely to fully repay due to the strong credit profile: A-grade loan, FICO around 722, no delinquencies or bankruptcies, long credit history, and no recent inquiries. While income is moderate and the loan is not verified, the debt-to-income ratio and revolving utilization are still reasonable, supporting a Fully Paid prediction.",502,85,0.00253
no_desc,0,1,1,0,0,"This borrower appears more likely to fully repay due to strong income relative to the loan size, very low debt-to-income ratio, solid mid-to-high FICO score, and no delinquencies, bankruptcies, or recent inquiries. While employment length is limited and revolving utilization is moderate, the overall credit profile and risk indicators are favorable.",504,82,0.00249
no_desc,1,1,0,1,0,"This borrower shows moderate credit risk but has several strengths: a long credit history, decent mid-to-high 600s FICO score, manageable debt-to-income ratio, and no bankruptcies or public records. While the income is relatively low and there is a recent delinquency, the overall profile appears more consistent with full repayment than charge-off.",503,83,0.0025025
no_desc,1,1,0,1,0,"Despite the high interest rate and D4 grade, the borrower shows several positive repayment indicators: solid FICO around 700, long employment and credit history, no recent delinquencies or inquiries, and a manageable debt-to-income ratio. The prior delinquency history adds some risk, but overall the profile looks more consistent with full repayment than charge-off.",502,85,0.00253
no_desc,1,1,1,1,1,"This borrower appears more likely to fully repay given the solid income, low debt-to-income ratio, decent FICO score, long credit history, and no recent delinquencies, inquiries, or bankruptcies. While there is a past delinquency on record and the income is not verified, the overall credit profile and moderate loan terms suggest lower default risk.",506,85,0.00254
no_desc,1,1,1,1,1,"This borrower shows generally solid repayment capacity with strong income, a moderate debt-to-income ratio, long employment and credit history, and reasonable revolving utilization. While recent delinquencies and a mid-range FICO score add some risk, the overall profile is more consistent with a fully paid loan than a charge-off.",503,76,0.0023975
no_desc,1,1,1,1,1,"I predict this loan will be fully paid because the borrower has a mid-to-good FICO score, no recent delinquencies, no bankruptcies, and verified income with a manageable loan size. Although the high revolving utilization and elevated debt-to-income ratio add risk, the clean repayment history and stable mortgage-backed housing status support repayment.",506,81,0.00248
no_desc,1,0,1,0,1,"This application shows several elevated risk factors, including a mid-grade C4 loan, high debt-to-income ratio, high revolving utilization, and recent delinquency history with 2 delinquencies in the last 2 years. While income and credit history length are reasonable, the combination of weaker credit behavior and moderate FICO suggests a higher likelihood of charge-off.",503,86,0.0025475
no_desc,1,1,1,1,1,"This borrower appears more likely to fully repay given the moderate loan size, solid income relative to payment, mid-tier B grade, decent FICO score, and no recent delinquencies, inquiries, or bankruptcies. While revolving utilization is somewhat high and there is an older delinquency on file, the overall credit profile and payment capacity look acceptable.",503,84,0.0025174999999999998
no_desc,1,1,1,1,1,"This borrower shows generally solid credit quality with a mid-to-high 680s FICO, no delinquencies, no bankruptcies, no recent inquiries, and a manageable debt-to-income ratio. While renting, moderate revolving utilization, and shorter employment tenure add some risk, the overall profile and B-grade pricing suggest a higher likelihood of full repayment than charge-off.",502,87,0.0025599999999999998
no_desc,1,1,1,1,1,"This borrower shows generally solid repayment capacity with a mid-to-good FICO score, moderate debt-to-income ratio, verified income, long credit history, and no recent delinquencies or inquiries. While the very high revolving utilization and prior delinquency add risk, the overall profile is more consistent with a fully paid loan than a charge-off.",506,82,0.002495
no_desc,1,1,0,1,0,"This borrower shows very strong credit quality, including an A-grade loan, excellent FICO score, long credit history, no delinquencies or bankruptcies, and low revolving utilization. Although income is modest and the application is not verified, the very low debt-to-income ratio and clean credit profile suggest a high likelihood of full repayment.",503,81,0.0024725
no_desc,1,1,1,1,1,"The borrower shows strong credit quality with a high FICO score, no delinquencies, bankruptcies, or recent inquiries, plus a low debt-to-income ratio and modest revolving utilization. Although the interest rate and grade are mid-tier, the small loan amount and otherwise solid credit profile suggest this loan is more likely to be fully repaid.",501,83,0.0024974999999999997
no_desc,0,1,1,0,0,"This borrower appears very likely to fully repay based on the excellent credit profile: very high FICO score, grade A loan, no delinquencies or bankruptcies, low revolving utilization, and long credit history. Although the DTI is moderately elevated and income was not verified, the overall risk remains low given the strong credit and payment indicators.",504,83,0.0025050000000000003
no_desc,1,1,0,1,0,"The borrower shows strong credit quality with a solid FICO score, long credit history, no delinquencies or bankruptcies, and stable long-term employment. While the 60-month term, C-grade pricing, and relatively high debt-to-income ratio add some risk, the overall profile is more consistent with full repayment than charge-off.",503,81,0.0024725
no_desc,1,1,1,1,1,"The borrower shows solid credit quality with a strong FICO score, no delinquencies, no bankruptcies, and no recent inquiries, all of which support repayment. While the debt-to-income ratio and interest rate are somewhat elevated, the clean credit profile and moderate loan size suggest this loan is more likely to be fully paid.",504,80,0.00246
no_desc,1,0,0,0,0,"This loan shows elevated default risk due to the long 60-month term, high 18.25% interest rate, D3 grade, recent delinquency activity, and a prior public-record bankruptcy. While income, mortgage status, and moderate utilization are supportive, the overall credit risk profile points more toward charge-off than full repayment.",506,81,0.00248
no_desc,1,1,1,1,1,"This borrower appears likely to fully repay given the solid income, low debt-to-income ratio, long credit history, no recent delinquencies, no recent inquiries, and a mid-grade B2 risk profile with verified income. While revolving utilization is somewhat elevated and there is an older delinquency on record, the overall credit and affordability profile looks strong.",504,84,0.00252
no_desc,1,1,0,1,0,"This borrower appears more likely to fully repay based on a solid mid-to-high FICO score, long employment and credit history, no recent delinquencies, and no recent credit inquiries. While the debt-to-income ratio is elevated and there is a prior public-record bankruptcy, the overall credit profile and grade B risk level suggest a better chance of full repayment than charge-off.",503,89,0.0025924999999999998
no_desc,1,1,1,1,1,"This borrower shows strong repayment capacity and low credit risk, with high verified income, excellent FICO scores, long credit history, no recent delinquencies or bankruptcies, and no recent inquiries. The moderate debt-to-income ratio, manageable revolving utilization, and solid grade B2 profile support a prediction of full repayment.",507,78,0.0024375
no_desc,0,1,1,0,0,"The borrower shows several positive repayment indicators, including a solid FICO score around 715-719, long employment and credit history, low revolving utilization, and no bankruptcies or public records. While the recent delinquencies and moderate income add some risk, the overall profile appears more consistent with a fully paid loan than a charge-off.",499,82,0.0024775
no_desc,1,1,1,1,1,"This borrower shows generally strong credit quality with a solid FICO score, moderate debt-to-income ratio, verified income, long credit history, and no bankruptcies or public records. Although there is some elevated revolving utilization and a recent delinquency history, the overall profile is more consistent with a loan being fully repaid than charged off.",504,81,0.0024749999999999998
no_desc,0,1,1,0,0,"This borrower appears likely to fully repay due to the strong credit profile: high income, prime A-grade pricing, solid FICO around 705-709, long credit history, and no recent delinquencies or inquiries. While the DTI and revolving utilization are somewhat elevated and there is an older delinquency on record, the overall risk indicators remain favorable.",502,86,0.002545
no_desc,1,0,0,0,0,"This application shows elevated default risk due to the very high interest rate, low F-grade, high revolving utilization, and recent delinquency history with 2 delinquencies in the last 2 years. Although income, long employment, and long credit history are positives, the overall credit profile is more consistent with a charged-off loan.",505,81,0.0024774999999999997
no_desc,1,1,0,1,0,"Despite the high interest rate and subprime E4 grade, the borrower shows several repayment strengths: high verified income, very low DTI, long employment and credit history, no recent delinquencies or inquiries, and no bankruptcies/public records. The mid-660s FICO and elevated revolving utilization add risk, but overall the profile looks more likely to fully repay than charge off.",505,92,0.0026425
no_desc,1,1,1,1,1,"The borrower shows very strong credit quality with an excellent FICO score, no delinquencies, no recent inquiries, very low revolving utilization, and a long credit history, all of which support full repayment. Although the 60-month term and loan purpose add some risk, the overall profile is solid and consistent with a Fully Paid outcome.",503,82,0.0024875
no_desc,1,1,1,1,1,"The borrower shows several positive repayment indicators, including solid income relative to the loan size, low debt-to-income ratio, long credit history, moderate revolving utilization, and a decent FICO score in the low 680s. While the C5 grade, elevated interest rate, and two recent delinquencies add risk, the overall profile still leans toward full repayment rather than charge-off.",501,92,0.0026325
no_desc,1,1,1,1,1,"The borrower shows strong repayment capacity with high verified income, solid FICO scores around 720+, long employment and credit history, and no recent delinquencies, inquiries, or bankruptcies. While the 60-month term and mid-grade C loan add some risk, the overall credit profile appears consistent with a fully paid outcome.",500,80,0.00245
no_desc,1,1,0,1,0,"The borrower shows strong credit quality with a high FICO score, long credit history, no delinquencies, no bankruptcies, and very low revolving utilization. Although the loan carries a higher interest rate and a 60-month term, the clean credit profile and moderate debt-to-income ratio suggest a higher likelihood of full repayment.",503,80,0.0024574999999999996
no_desc,1,1,0,1,0,"Despite the higher-risk D2 grade and elevated revolving utilization, the borrower has a moderate income, low debt-to-income ratio, no delinquencies or bankruptcies, and a fair FICO score, which supports repayment capacity. The clean recent credit history and manageable loan size relative to income suggest this loan is more likely to be fully paid than charged off.",504,86,0.00255
no_desc,1,0,0,0,0,"Despite strong income, low DTI, and long credit history, this loan carries several elevated risk signals: a 60-month term, very high 24.7% interest rate, and a G/G1 grade, which typically reflect weak underlying credit risk. Prior delinquency history and only mid-600s FICO scores further increase the likelihood of charge-off.",499,88,0.0025675
no_desc,1,1,0,1,0,"The applicant shows several positive repayment indicators, including a low debt-to-income ratio, long credit history, no bankruptcies or public records, and moderate revolving balances relative to income. While the mid-600s FICO, recent delinquency, and grade C3 add some risk, the overall profile appears more consistent with a fully paid outcome than a charge-off.",503,87,0.0025624999999999997
no_desc,1,1,1,1,1,"This borrower shows a moderate-to-good credit profile with verified income, long employment and credit history, no recent inquiries, no bankruptcies, and no recent 30+ day delinquencies, which support repayment. While the grade C4, relatively high interest rate, prior delinquency history, and 68% revolving utilization add risk, the overall profile appears more consistent with a fully paid loan than a charge-off.",503,98,0.0027275
no_desc,0,0,1,1,0,"Although the borrower has no recent delinquencies, bankruptcies, or inquiries and a moderate B-grade/FICO profile, the very low annual income relative to the loan/payment burden and extremely high revolving utilization of 87.6% increase default risk. The lack of employment history also weakens repayment capacity, making charge-off more likely.",502,82,0.0024850000000000002
no_desc,1,1,1,1,1,"This borrower shows a moderate but acceptable risk profile: mid-670s FICO, verified income, no recent delinquencies, no bankruptcies, and a fairly long credit history support repayment. While the C-grade, 77% revolving utilization, and prior delinquency add risk, the overall profile leans toward full repayment rather than charge-off.",506,85,0.00254
no_desc,1,1,0,1,0,"The borrower shows generally moderate-to-acceptable credit strength with a mid-670s FICO score, no recent delinquencies, no recent inquiries, long credit history, and no bankruptcies or public derogatories. While the 60-month term, C5 grade, higher interest rate, rental status, and elevated DTI add risk, the overall profile leans slightly toward full repayment rather than charge-off.",503,97,0.0027124999999999996
no_desc,1,0,0,0,0,"This loan shows elevated default risk due to the very high interest rate, poor grade (F3), high debt-to-income ratio, and recent delinquency history. While the borrower has long employment and credit history, the weaker credit profile and payment burden on a 60-month loan suggest a higher likelihood of charge-off.",503,78,0.0024275
no_desc,1,1,0,1,0,"The borrower shows solid credit quality with a low-risk FICO score range (710-714), no recent delinquencies, no bankruptcies, no recent inquiries, and a long employment and credit history. While the 60-month term and moderate income add some risk, the manageable DTI, moderate revolving utilization, and clean repayment history support a prediction of full repayment.",507,89,0.0026024999999999998
no_desc,1,1,1,1,1,"This borrower shows generally solid credit quality with a good FICO score, long employment and credit history, no delinquencies or bankruptcies, and moderate revolving utilization. While the C3 grade, 15.8% interest rate, and 6 recent inquiries add some risk, the overall profile supports a higher likelihood of full repayment.",502,82,0.0024850000000000002
no_desc,1,1,1,1,1,"This borrower shows several positive indicators for repayment, including solid income, long employment and credit history, no bankruptcies or public records, and a moderate loan amount with a 36-month term. While high revolving utilization and recent delinquencies add risk, the overall profile and mid-B grade/FICO suggest a better likelihood of full repayment than charge-off.",501,85,0.0025275000000000002
no_desc,1,1,1,1,1,"This borrower shows strong credit quality with a high FICO score, top-tier A grade, low debt-to-income ratio, no delinquencies or bankruptcies, and a long credit history. The relatively low interest rate and manageable loan amount versus income further suggest a high likelihood of full repayment.",505,73,0.0023575
no_desc,1,0,1,0,1,"This application shows several elevated risk signals, including a D2 grade, high 18.25% interest rate, very high revolving utilization at 94%, and a recent delinquency history with 1 delinquency in the last 2 years. While income and credit history length are decent, the weaker credit profile and recent payment issues make charge-off more likely than full repayment.",503,90,0.0026074999999999996
no_desc,1,1,1,1,1,"This borrower shows generally solid repayment capacity with strong income relative to the loan size, a moderate debt-to-income ratio, homeownership, and a mid-grade B credit profile. While the recent delinquency and short employment length add some risk, the overall credit history, lack of bankruptcies/public records, and manageable loan terms suggest likely full repayment.",506,83,0.00251
no_desc,1,1,1,1,1,"This borrower appears likely to fully repay given the strong income, solid B-grade/FICO around 715-719, low DTI, long credit history, and no delinquencies or bankruptcies. While the loan amount is sizable and employment length is very short, the overall credit profile is materially stronger than typical charged-off borrowers.",508,81,0.0024850000000000002
no_desc,1,1,1,1,1,"This borrower appears likely to fully repay given the strong credit profile: Grade A/A5, solid FICO around 705-709, high income, low DTI, long credit history, and no delinquencies or bankruptcies. The main minor risks are moderate revolving utilization and a few recent inquiries, but overall the application looks low risk.",507,84,0.0025275000000000002
no_desc,1,1,0,1,0,"This borrower shows several positive risk signals: a solid FICO score around 690-694, long employment and credit history, no recent delinquencies or inquiries, low revolving utilization, and no bankruptcies or public records. While the 60-month term, mid-grade C rating, and prior delinquency add some risk, the overall profile appears more consistent with full repayment than charge-off.",502,93,0.00265
no_desc,1,0,0,0,0,"This loan appears higher risk due to the very high interest rate, F/F1 grade, elevated debt-to-income ratio, and high revolving utilization, all of which are commonly associated with default. While the borrower has long credit history, verified income, and no recent major derogatories, the overall risk profile still leans toward charge-off.",505,82,0.0024925
no_desc,1,1,1,1,1,"This borrower shows several positive repayment indicators: mid-to-good FICO (675-679), no delinquencies, bankruptcies, or recent inquiries, and a manageable debt-to-income ratio of 11.09. While the interest rate, grade C4, and very high revolving utilization (89%) add risk, the overall profile suggests a higher likelihood of full repayment than charge-off.",502,92,0.002635
no_desc,1,1,1,1,1,"The borrower shows generally solid credit characteristics, including a near-prime FICO score, long credit history, stable long-term employment, moderate debt-to-income ratio, and no recent delinquencies or bankruptcies. While the grade C rating, prior delinquency history, and unverified income add some risk, the overall profile appears more consistent with full repayment than charge-off.",503,89,0.0025924999999999998
no_desc,1,0,0,0,0,"This application shows elevated default risk due to multiple recent delinquencies (5 in the last 2 years), a delinquency on record, high revolving utilization (71.8%), and a fairly high debt-to-income ratio of 25.8. While the borrower has a decent credit history length and mid-range FICO score, the repayment profile is weakened by recent credit stress and a 60-month term at a relatively high interest rate.",505,103,0.0028075
no_desc,1,1,1,1,1,"This borrower appears very likely to fully repay: they have excellent credit quality (A1 grade, FICO 745-749), low debt burden (DTI 9.59%), no delinquencies or bankruptcies, and a long, clean credit history. The low interest rate and moderate loan size relative to strong income also support a low default risk.",507,87,0.0025725
no_desc,1,1,1,1,1,"This borrower appears likely to fully repay given the strong A-grade loan, high FICO score, no delinquencies or bankruptcies, low revolving utilization, and solid income. Although the debt-to-income ratio is somewhat elevated and employment length is short, the overall credit profile is strong and points to low default risk.",507,78,0.0024375
no_desc,1,1,1,1,1,"This borrower shows several positive credit factors, including a solid B-grade, near-700 FICO score, no delinquencies, no bankruptcies, and a long credit history. While the high debt-to-income ratio, very high revolving utilization, and unverified income add risk, the overall profile still leans toward full repayment rather than charge-off.",507,85,0.0025425
no_desc,1,1,1,1,1,"Despite the high interest rate and lower assigned grade, the borrower shows strong repayment capacity with high verified income, excellent FICO scores, low revolving utilization, long credit history, and no delinquencies or bankruptcies. These positive credit and income factors outweigh the loan pricing risk, making full repayment more likely.",506,76,0.002405
no_desc,1,0,0,0,0,"This application shows elevated credit risk due to the mid-tier C5 grade, relatively high debt-to-income ratio, recent delinquency history, short employment length, and limited credit history. While the loan amount is modest and income is verified, the overall profile leans more toward default than full repayment.",502,74,0.002365
no_desc,1,1,1,1,1,"This application shows generally strong repayment indicators: solid mid-to-high FICO, low debt-to-income ratio, long employment and credit history, and no recent delinquencies. While the prior public record/bankruptcy and relatively high revolving utilization add some risk, the overall profile looks more consistent with a fully paid loan than a charge-off.",501,82,0.0024825
no_desc,1,1,0,1,0,"Despite the high interest rate and lower grade, the borrower shows several strong repayment indicators: high verified income, very low DTI, long credit history, no recent delinquencies, no bankruptcies, and modest revolving utilization. The prior delinquency history and short employment length add some risk, but overall the profile looks more consistent with full repayment than charge-off.",499,87,0.0025525
no_desc,1,1,1,1,1,"This borrower appears more likely to fully repay based on solid income, moderate debt-to-income ratio, verified income, and a clean recent credit history with no delinquencies, bankruptcies, or public records. While the interest rate and mid-tier C4 grade indicate some risk, the FICO in the high-600s, long credit history, and stable account profile support a Fully Paid prediction.",502,94,0.002665
no_desc,1,1,0,1,0,"Despite a relatively high interest rate, D grade, and elevated debt-to-income ratio, the borrower shows several stabilizing factors: no delinquencies, no bankruptcies, no recent inquiries, and a fairly long credit history. The mid-660s FICO and solid account history suggest a higher likelihood of full repayment than charge-off.",502,82,0.0024850000000000002
no_desc,0,0,0,1,1,"This application shows elevated default risk driven by a very high interest rate, poor LC grade (F1), 60-month term, and low employment length, which outweigh otherwise moderate credit metrics. While the borrower has no recent delinquencies or bankruptcies and a fair FICO score, the overall profile is more consistent with a charged-off loan than a fully paid one.",504,89,0.002595
no_desc,1,1,1,1,1,"This borrower appears likely to fully repay given the strong credit profile: A-grade loan, solid FICO around 715-719, no delinquencies or bankruptcies, long credit history, and no recent credit inquiries. While revolving utilization and DTI are somewhat elevated, the modest loan size relative to income and otherwise clean credit behavior support a Fully Paid prediction.",504,87,0.002565
no_desc,1,1,0,1,0,"Despite the higher interest rate and D3 grade, the borrower shows several strong repayment indicators: solid FICO (715-719), very long credit history, no recent delinquencies or bankruptcies, low debt-to-income ratio, and no recent credit inquiries. The main risks are modest income and very short employment length, but overall the credit profile appears more consistent with full repayment than charge-off.",503,94,0.0026674999999999997
no_desc,1,1,1,1,1,"This borrower shows very strong credit quality with an excellent FICO score, top-tier A1 grade, no delinquencies or bankruptcies, low utilization, and a long credit history. The loan amount is modest relative to high income and low DTI, which supports a high likelihood of full repayment.",507,75,0.0023924999999999997
no_desc,1,1,1,1,1,"This borrower shows several positive repayment indicators: strong verified income relative to the loan size, low debt-to-income ratio, long credit history, and no recent delinquencies, bankruptcies, or inquiries. While the mid-range FICO score and 60-month term add some risk, the overall profile appears more consistent with a fully paid loan than a charge-off.",506,87,0.0025700000000000002
no_desc,1,1,0,1,0,"Despite a mid-grade D1 loan and moderate interest rate, the borrower shows several stabilizing factors: no recent delinquencies, no bankruptcies or public records, manageable DTI, and a decent credit history length with home ownership. The FICO in the low 660s and past delinquency add risk, but overall the profile looks more likely to fully repay than charge off.",503,92,0.0026375
no_desc,1,1,1,1,1,"This borrower shows several positive repayment indicators: a long credit history, no recent delinquencies or bankruptcies, verified income, and stable employment tenure. While the grade C interest rate, relatively high DTI, and elevated revolving utilization add some risk, the overall profile appears more consistent with a fully paid loan than a charge-off.",506,81,0.00248
no_desc,1,1,1,1,1,"This borrower appears very likely to fully repay given the strong credit profile: high FICO score, A-grade pricing, low debt-to-income ratio, very low revolving utilization, solid income, and no recent delinquencies or inquiries. While there is a past delinquency on record, the overall credit history is long and well-managed, which supports a Fully Paid prediction.",505,88,0.0025824999999999997
with_desc,1,0,0,0,0,"This application appears higher risk due to the very high interest rate, low income relative to obligations, high revolving utilization, and poor assigned grade (F3). Although the borrower has a moderate FICO score and no recent major derogatories, the overall profile suggests elevated default risk.",555,70,0.0024375000000000004
with_desc,1,1,1,1,1,"This borrower appears more likely to fully repay due to a solid FICO score around 710-714, low interest rate for a B1 loan, no delinquencies or bankruptcies, and moderate debt utilization. While employment length is short and income is not verified, the overall credit profile and clean payment history suggest lower default risk.",532,82,0.0025599999999999998
with_desc,1,1,1,1,1,"The borrower shows generally solid repayment capacity with high verified income, moderate debt-to-income ratio, long credit history, and no bankruptcies or public records. While there is some recent delinquency history and moderate revolving utilization, the relatively small loan size and mid-grade B credit profile suggest a higher likelihood of full repayment than charge-off.",545,80,0.0025625
with_desc,1,1,1,1,1,"This borrower appears low risk due to the strong A2 grade, solid FICO score range, high income, low debt-to-income ratio, and clean recent credit history with no delinquencies or bankruptcies. The long credit history, moderate revolving utilization, and low interest rate also support a high likelihood of full repayment.",532,79,0.002515
with_desc,1,1,0,1,0,"The borrower shows solid repayment indicators including a mid-to-upper 680s FICO score, verified income, long credit history, and no recent delinquencies or bankruptcies. While the DTI and revolving utilization are somewhat elevated and the grade is C3, the overall profile looks more consistent with a fully paid loan than a charge-off.",533,83,0.0025775
with_desc,1,1,1,1,1,"The borrower shows solid repayment capacity with verified $72k income, low DTI, long employment and credit history, no delinquencies or bankruptcies, and a near-prime FICO around 682. While revolving utilization is high at 85% and the grade is C, the overall profile supports a higher likelihood of full repayment than charge-off.",589,86,0.0027624999999999998
with_desc,1,1,1,1,1,"This borrower shows strong repayment indicators: high FICO (745-749), no recent delinquencies, no bankruptcies or public records, low revolving utilization, and a solid B1 grade with a moderate interest rate. While income is modest and there is a past delinquency on record, the overall credit profile appears strong enough to support full repayment.",552,85,0.0026550000000000002
with_desc,1,1,1,1,1,"This borrower shows very strong credit quality: excellent A1 grade, very high FICO scores, long credit history, no delinquencies or bankruptcies, and a moderate debt-to-income ratio. The low interest rate and manageable loan size relative to income also suggest a high likelihood of full repayment.",563,74,0.0025174999999999998
with_desc,1,1,1,1,1,"This borrower shows a generally solid profile for repayment: mid-to-good FICO (680-684), verified income, moderate DTI, no recent delinquencies or inquiries, and no bankruptcies/public records. While there is some past delinquency history and shorter employment tenure, the loan size is modest and the overall credit profile supports a Fully Paid outcome.",581,86,0.0027425
with_desc,1,1,0,1,0,"Despite the higher interest rate and grade D risk tier, the borrower has solid income relative to the loan size, no recent delinquencies or inquiries, no bankruptcies, and a mid-to-good FICO around 692. The elevated DTI and prior delinquency add risk, but the overall profile still leans toward full repayment rather than charge-off.",526,86,0.0026049999999999997
with_desc,1,1,0,1,0,"This borrower shows moderate but acceptable credit quality with a mid-670s FICO, long credit history, stable employment, and no recent delinquencies or inquiries, which support repayment. While the high revolving utilization, modest income, and prior bankruptcy/public record add risk, the overall profile is more consistent with a fully paid loan than a charge-off.",527,85,0.0025925
with_desc,1,1,1,1,1,"This borrower shows several strengths associated with repayment, including a solid FICO around 700, long employment and credit history, no recent delinquencies or bankruptcies, and strong annual income relative to the loan size. While the interest rate, D grade, high DTI, and elevated revolving utilization add risk, the overall profile still leans toward full repayment.",543,87,0.0026625
with_desc,1,1,1,1,1,"This application shows strong repayment indicators: high FICO score, low debt-to-income ratio, long employment and credit history, very low revolving utilization, and no bankruptcies or public records. Although there is a prior delinquency and the income is not verified, the overall credit profile and low loan amount suggest the loan is more likely to be fully repaid.",537,86,0.0026325000000000003
with_desc,1,1,1,1,1,"This borrower appears low risk due to strong credit quality: high FICO score, grade A2, no delinquencies or bankruptcies, very low revolving utilization, and a long credit history. Although income is modest and verification is not provided, the small loan amount and affordable payment relative to income support a likely fully paid outcome.",613,81,0.0027475
with_desc,1,1,1,1,1,"This borrower appears low risk due to the strong A2 grade, high FICO score (740-744), low interest rate, solid income, moderate DTI, and a clean credit history with no delinquencies, bankruptcies, or recent inquiries. The long credit history, stable employment, and reasonable revolving utilization further support a likely fully paid outcome.",563,86,0.0026975
with_desc,1,1,1,1,1,"This borrower shows a strong repayment profile with solid income, a good FICO score around 720-724, low debt-to-income ratio, no recent delinquencies, and no bankruptcies or public records. While renting, short employment length, and a past delinquency add some risk, the overall credit quality and affordability metrics support a Fully Paid prediction.",527,86,0.0026075
with_desc,1,1,1,1,1,"This borrower appears relatively low risk due to a solid near-prime FICO score, long credit history, no delinquencies or bankruptcies, moderate debt-to-income ratio, and a small loan amount for credit card consolidation. While income is not verified and employment length is short, the overall credit profile supports a likely fully paid outcome.",566,82,0.0026449999999999998
with_desc,1,1,1,1,1,"The borrower shows generally strong credit quality with a solid FICO score around 712, a low interest rate, moderate debt-to-income ratio, long credit history, and no bankruptcies or public records. While there is some risk from a recent delinquency and modest income, the overall profile is more consistent with a fully paid loan than a charge-off.",540,85,0.002625
with_desc,0,1,1,0,0,"This borrower appears likely to fully repay given the very strong credit profile: high FICO score, long credit history, low debt-to-income ratio, very low revolving utilization, verified high income, and no bankruptcies or public records. While there are some recent risk signals such as one recent delinquency and several recent inquiries, the overall profile remains solid and supports a Fully Paid prediction.",531,91,0.0026925
with_desc,1,1,1,1,1,"This borrower appears more likely to fully repay based on a solid mid-to-high FICO score, long credit history, no recent delinquencies or bankruptcies, and manageable debt-to-income ratio. While the high revolving utilization and non-verified income add some risk, the very small loan amount and otherwise clean credit profile support a Fully Paid prediction.",534,84,0.002595
with_desc,1,1,1,1,1,"This borrower appears more likely to fully repay due to a strong FICO score, low revolving utilization, manageable debt-to-income ratio, long credit history, and no bankruptcies or public records. While there is one recent delinquency, the overall credit profile and moderate grade/interest rate suggest lower default risk.",548,76,0.00251
with_desc,0,1,1,0,0,"Despite a mid-tier D1 grade and one recent delinquency, the borrower shows several strengths: long employment and credit history, low debt-to-income ratio, verified income, no bankruptcies/public records, and modest revolving balances. Overall, these factors suggest a better likelihood of full repayment than default.",543,74,0.0024675
with_desc,1,0,0,0,0,"This application shows elevated default risk due to the high interest rate and low E-grade, high debt-to-income ratio, high revolving utilization, and no employment tenure despite only moderate income. While the borrower has a fair FICO score and no recent major derogatory events, the overall profile looks more consistent with a charged-off loan than a fully paid one.",584,85,0.002735
with_desc,1,1,1,1,1,"The borrower shows generally solid credit characteristics, including a mid-to-good FICO range, no recent delinquencies or bankruptcies, moderate revolving utilization, and a manageable loan size relative to income. While the DTI is somewhat elevated and recent inquiries are a mild risk factor, the overall profile is more consistent with a fully paid loan than a charge-off.",525,86,0.0026024999999999998
with_desc,1,1,0,1,0,"This borrower shows moderate but acceptable credit risk: mid-to-high 670s FICO, long employment and credit history, low DTI, and no delinquencies, bankruptcies, or recent inquiries. While the C5 grade, higher interest rate, and fairly elevated revolving utilization add risk, the overall profile is more consistent with full repayment than charge-off.",530,87,0.00263
with_desc,1,0,1,0,1,"This borrower shows moderate credit risk due to a mid-600s FICO score, a C5 grade, and recent delinquencies, which are strong indicators of default risk. While income and debt-to-income are reasonable, the stated history of missed payments and not-verified income make charge-off more likely.",611,77,0.0026825
with_desc,1,1,1,1,1,"The borrower shows solid repayment indicators including a good FICO score, long credit history, no recent delinquencies or bankruptcies, stable income, and verified employment history. While the very high revolving utilization is a risk factor, the moderate loan size and credit-card refinance purpose suggest a higher likelihood of full repayment than default.",578,79,0.00263
with_desc,1,1,1,1,1,"The borrower shows generally solid credit characteristics, including a mid-to-high 690s FICO range, no recent delinquencies, no bankruptcies, no recent inquiries, and a long credit history. Although revolving utilization and DTI are somewhat elevated, the verified $75k income, stable credit profile, and debt consolidation purpose support a higher likelihood of full repayment.",568,88,0.0027399999999999994
with_desc,0,1,1,0,0,"This borrower appears more likely to fully repay due to strong income relative to the loan size, a moderate debt-to-income ratio, solid credit history length, and no recent delinquencies or inquiries. While there is a past delinquency on record and the income is not verified, the mid-to-high B grade, decent FICO, and manageable revolving utilization support a Fully Paid prediction.",537,91,0.0027075
with_desc,1,1,1,1,1,"This borrower appears more likely to fully repay given the solid income, long employment and credit history, no recent delinquencies, no bankruptcies or public records, and a mid-to-good FICO in the high 680s. While revolving utilization is moderate and there is a past delinquency on record, the overall risk profile is reasonably strong for a grade B 36-month debt consolidation loan.",556,94,0.0028000000000000004
with_desc,1,1,1,1,1,"This borrower appears likely to fully repay due to the strong grade (A/A4), low interest rate, verified income, solid credit history, and no recent delinquencies or bankruptcies. While revolving utilization is somewhat high and the borrower mentions medical expenses, the overall credit profile remains favorable.",556,73,0.0024850000000000002
with_desc,1,1,0,1,0,"Despite the higher-risk D2 grade and elevated revolving utilization, the borrower has strong offsetting factors: solid FICO around 722, no delinquencies or bankruptcies, long employment history, verified income, and over 11 years of credit history. The clean payment history and stable profile suggest this loan is more likely to be fully repaid than charged off.",536,88,0.00266
with_desc,1,1,0,1,0,"The borrower shows generally solid repayment indicators: near-prime FICO (690-694), no delinquencies or bankruptcies, low revolving utilization, and a fairly long credit history. While the interest rate and D-grade indicate elevated risk, the small loan size, manageable DTI, and clean recent credit behavior suggest a higher likelihood of full repayment.",553,85,0.0026575
with_desc,1,1,1,1,1,"This borrower looks likely to fully repay based on strong credit quality: grade A/A4, FICO around 720+, no delinquencies or bankruptcies, long credit history, and zero recent inquiries. While income is moderate and the loan is not income-verified, the debt profile and clean repayment history support a Fully Paid prediction.",542,82,0.002585
with_desc,0,1,1,0,0,"This borrower appears more likely to fully repay due to strong income relative to the loan size, very low debt-to-income ratio, long credit history, and no recent delinquencies, bankruptcies, or inquiries. While employment length is short and revolving utilization is moderately elevated, the overall credit profile and mid-to-upper B grade support a fully paid outcome.",539,85,0.0026225000000000003
with_desc,1,1,0,1,0,"Despite modest income and a prior recent delinquency, the borrower shows compensating strengths including a mid-to-good FICO range, long credit history, manageable DTI, moderate revolving utilization, and no bankruptcies or public records. The loan amount is relatively small, so this profile looks more likely to fully repay than charge off.",563,80,0.0026074999999999996
with_desc,1,1,0,1,0,"Despite the higher-risk D4 grade and elevated 19.22% rate, the borrower shows several strengths: solid FICO around 700, long employment and credit history, no recent delinquencies or inquiries, and moderate DTI and revolving utilization. The verified income is modest and the 60-month term adds some risk, but overall the credit profile supports a higher likelihood of full repayment.",538,94,0.002755
with_desc,1,1,1,1,1,"This borrower appears more likely to fully repay due to solid income, low debt-to-income ratio, decent B1 grade, mid-to-high FICO, long credit history, and no recent delinquencies or inquiries. While there is a past delinquency and the income is not verified, the overall credit profile looks relatively stable and lower risk.",542,83,0.0026
with_desc,1,1,1,1,1,"This borrower appears more likely to fully repay due to solid income, a mid-to-good FICO score, long employment and credit history, moderate DTI, and reasonable revolving utilization. While the recent delinquencies and delinquency history add risk, the overall profile and B-grade pricing suggest manageable default risk rather than a likely charge-off.",585,82,0.0026925
with_desc,1,1,1,1,1,"I predict this loan is more likely to be fully paid because the borrower has a mid-to-good FICO score, verified income, no delinquencies or bankruptcies, and a moderate loan size over 36 months. While the high revolving utilization and elevated debt-to-income ratio increase risk, the clean recent credit history and stable mortgage-backed housing status support repayment.",532,87,0.002635
with_desc,1,0,1,0,1,"This application shows elevated default risk due to prior recent delinquencies, high revolving utilization, a relatively high debt-to-income ratio, and mid-tier credit grade/FICO. While income and credit history are adequate, the combination of weak repayment signals outweighs the positives.",555,68,0.0024075
with_desc,1,1,1,1,1,"This borrower appears more likely to fully repay based on a moderate B-grade profile, stable income relative to the small $2,000 loan, no recent delinquencies or inquiries, and a long credit history. While revolving utilization is somewhat high and there is an older delinquency on record, the overall risk indicators are still more consistent with full repayment than charge-off.",616,88,0.0028599999999999997
with_desc,1,1,1,1,1,"This borrower shows solid repayment indicators: mid-to-high 680s FICO, no delinquencies or bankruptcies, verified $70,000 income, moderate DTI, and a fairly long credit history. While revolving utilization is somewhat elevated, the overall credit profile and B-grade pricing suggest a higher likelihood of full repayment than charge-off.",579,83,0.0026925
with_desc,1,1,1,1,1,"This borrower shows generally solid repayment indicators: mid-to-good FICO, long credit history, no recent delinquencies or inquiries, verified income, and a manageable debt-to-income ratio. While revolving utilization is very high and there is a prior delinquency on record, the overall profile and B-grade pricing suggest a higher likelihood of full repayment than charge-off.",586,86,0.0027549999999999996
with_desc,1,1,0,1,0,"The borrower shows very strong credit quality with an A-grade loan, high FICO score, long credit history, no delinquencies or bankruptcies, low revolving utilization, and an extremely low debt-to-income ratio. While income is modest and the loan is not income-verified, the overall risk profile strongly supports a fully paid outcome.",591,82,0.0027075
with_desc,1,1,1,1,1,"This borrower appears more likely to fully repay given the strong FICO score, low debt-to-income ratio, no recent delinquencies or bankruptcies, and modest revolving utilization. While the interest rate and C5 grade indicate some risk, the small loan size and otherwise solid credit profile support a Fully Paid prediction.",524,77,0.002465
with_desc,0,1,1,0,0,"This borrower appears very likely to fully repay based on the excellent FICO score, top-tier A grade, low interest rate, long employment and credit history, and no delinquencies, bankruptcies, or recent inquiries. Although the debt-to-income ratio is somewhat elevated, the low revolving utilization and strong overall credit profile outweigh that risk.",529,82,0.0025525
with_desc,1,1,0,1,0,"The borrower shows several strong repayment indicators, including a solid FICO score around 710, long credit history, no recent delinquencies or bankruptcies, and long employment tenure. While the 60-month term, moderate interest rate, and high debt-to-income ratio add some risk, the overall profile looks more consistent with a fully paid loan than a charge-off.",557,88,0.0027124999999999996
with_desc,1,1,1,1,1,"The borrower shows several positive credit indicators, including a strong FICO score around 720, no delinquencies, no bankruptcies, no recent inquiries, and a solid multi-year credit history. While the debt-to-income ratio is somewhat high and the hardship description raises some concern, the overall credit profile suggests a higher likelihood of full repayment than charge-off.",620,86,0.0028399999999999996
with_desc,1,0,0,0,0,"This loan shows elevated default risk due to the long 60-month term, high 18.25% interest rate, D3 grade, recent delinquency activity, and a prior public-record bankruptcy. While income, mortgage ownership, and moderate revolving utilization are supportive, the credit-risk signals outweigh the strengths.",528,76,0.00246
with_desc,1,1,1,1,1,"This borrower appears relatively strong, with verified $83,000 income, low debt-to-income ratio, long credit history, no recent delinquencies or inquiries, and no bankruptcies or public derogatory records. While there is a past delinquency and moderately high revolving utilization, the overall profile and B-grade pricing suggest a higher likelihood of full repayment than charge-off.",531,88,0.0026474999999999997
with_desc,1,1,0,1,0,"The borrower shows several positive indicators for full repayment: a solid mid-to-high 680s FICO range, long employment and credit history, no recent delinquencies or inquiries, and verified income. While the debt-to-income ratio is elevated and there is a prior public-record bankruptcy, the overall credit profile and grade suggest a moderate but still more likely fully paid outcome.",548,89,0.002705
with_desc,1,1,1,1,1,"This borrower appears low risk due to a high FICO score, verified strong income, long credit history, no recent delinquencies or bankruptcies, and moderate debt utilization. The B2 grade and debt consolidation purpose add some risk, but the overall credit profile supports a likely fully paid outcome.",561,74,0.0025125
with_desc,0,1,1,0,0,"This borrower shows several strengths: solid FICO (715-719), long employment and credit history, low revolving utilization, no bankruptcies, and manageable debt-to-income. While recent delinquencies and a mid-grade C loan add risk, the overall profile still leans toward full repayment.",523,73,0.0024025
with_desc,1,1,1,1,1,"This borrower shows generally strong repayment capacity with a solid FICO score, moderate debt-to-income ratio, verified income, and a relatively long credit history. Although there is some risk from a recent delinquency, high revolving utilization, and no established employment length, the overall profile is more consistent with a fully paid loan than a charge-off.",537,82,0.0025725
with_desc,0,1,1,0,0,"This borrower appears likely to fully repay due to the strong credit profile: high income, A-grade pricing, solid FICO around 705-709, long credit history, and no recent delinquencies or inquiries. Although the debt-to-income ratio and revolving utilization are somewhat elevated and there is an older delinquency on record, the overall risk profile remains favorable.",597,87,0.0027974999999999996
with_desc,1,0,0,0,0,"This loan shows elevated default risk due to the very high interest rate, weak F-grade, high revolving utilization, and recent delinquency history. Although the borrower has solid income, long employment, and lengthy credit history, the overall credit profile points more toward charge-off than full repayment.",542,71,0.00242
with_desc,1,1,0,1,0,"Despite the high interest rate and E-grade risk profile, this borrower shows several strong repayment indicators: high verified income, very low DTI, long employment history, no recent delinquencies or inquiries, and no bankruptcies/public records. The mid-660s FICO and past delinquency history add risk, but overall the capacity and recent credit behavior suggest a higher likelihood of full repayment.",530,93,0.00272
with_desc,1,1,1,1,1,"The borrower shows very strong credit quality with an excellent FICO score, no delinquencies, no recent inquiries, low revolving utilization, and a long credit history, all of which support full repayment. While the 60-month term and very high stated DTI are risk factors, the overall profile and grade suggest this loan is more likely to be fully paid than charged off.",543,90,0.0027075
with_desc,1,1,1,1,1,"Despite a mid-tier grade and some recent delinquencies, the borrower shows several positive factors: solid income relative to the loan size, very low debt-to-income ratio, moderate revolving utilization, long credit history, and no bankruptcies or public records. Overall, the profile suggests capacity to repay, making full repayment slightly more likely than charge-off.",550,84,0.002635
with_desc,1,1,1,1,1,"The borrower shows strong credit quality with a solid FICO score, long employment and credit history, no recent delinquencies or bankruptcies, and a manageable debt-to-income ratio. While the 60-month term and mid-grade C loan add some risk, the overall profile supports a higher likelihood of full repayment.",560,77,0.002555
with_desc,1,1,0,1,0,"Despite the higher-risk D1 grade and 60-month term, the borrower shows strong credit fundamentals with high FICO scores, no delinquencies or bankruptcies, low revolving utilization, and a long credit history. Verified income, moderate DTI, and clean recent credit behavior support a prediction of full repayment.",580,77,0.0026049999999999997
with_desc,1,1,0,1,0,"Despite the higher-risk D2 grade and elevated revolving utilization, the borrower has a manageable debt-to-income ratio, no delinquencies or bankruptcies, and a moderate FICO score with established credit history. The clean recent credit behavior and solid income suggest a better likelihood of full repayment than charge-off.",574,75,0.0025599999999999998
with_desc,1,0,0,0,0,"Despite very strong income and a low debt-to-income ratio, this loan carries several high-risk signals: a 60-month term, very high 24.7% interest rate, and a G1 grade, which typically indicate elevated default risk. The borrower has some prior delinquency history and only mid-range FICO scores, so the overall profile leans toward charged off rather than fully paid.",558,94,0.002805
with_desc,1,1,0,1,0,"The borrower shows several positive indicators for repayment, including a low debt-to-income ratio, long credit history, no bankruptcies or public records, and modest revolving balance relative to income. While the mid-range FICO, recent delinquency, and short employment length add some risk, the overall profile appears more consistent with a fully paid outcome than a charge-off.",560,86,0.00269
with_desc,1,1,1,1,1,"This borrower shows generally moderate-to-strong repayment capacity, with verified income, a solid mid-to-upper 680s FICO range, long employment and credit history, and no recent delinquencies, inquiries, or bankruptcies. While the C4 grade, 68% revolving utilization, and prior delinquency history add risk, the overall profile looks more consistent with a fully paid loan than a charge-off.",526,97,0.00277
with_desc,0,0,1,1,0,"I predict this loan is more likely to be charged off because the borrower has very low annual income relative to the requested loan and payment burden, along with very high revolving utilization of 87.6%. While the credit history is clean with no delinquencies or bankruptcies, the borderline FICO score and lack of employment history weaken repayment capacity.",526,84,0.002575
with_desc,1,1,1,1,1,"This borrower appears moderately creditworthy: mid-600s FICO, solid income relative to the loan size, no recent delinquencies, no bankruptcies, and a long enough credit history support repayment. While the C-grade, elevated DTI, high revolving utilization, and prior delinquency add risk, the overall profile leans slightly toward fully paid rather than charge-off.",541,90,0.0027025
with_desc,1,1,0,1,0,"This borrower shows a mid-range but acceptable credit profile with solid income, no recent delinquencies, no recent inquiries, no bankruptcies, and a fairly long credit history, which supports repayment. While the 60-month term, relatively high interest rate, prior delinquency history, and moderate-to-high DTI and utilization add risk, the overall profile leans slightly toward fully paid rather than charged off.",539,96,0.0027875
with_desc,1,0,0,0,0,"This application shows elevated default risk due to the very high interest rate, poor loan grade (F3), high debt-to-income ratio, and recent delinquency history. While income, long employment, and established credit history are positives, the overall risk profile is more consistent with a charged-off loan than full repayment.",536,77,0.002495
with_desc,1,1,0,1,0,"The borrower shows solid credit quality with a good FICO score, no recent delinquencies, no bankruptcies, low revolving utilization, and a long employment and credit history. While the 60-month term and moderate income add some risk, the overall profile supports a higher likelihood of full repayment.",530,74,0.0024349999999999997
with_desc,1,1,1,1,1,"This borrower shows generally strong repayment capacity with solid income, a good FICO score around 705-709, long employment and credit history, and no delinquencies or bankruptcies on record. While the interest rate, DTI, and recent inquiries add some risk, the overall profile supports a higher likelihood of full repayment than charge-off.",590,83,0.00272
with_desc,1,1,1,1,1,"This borrower shows several positive factors including solid income, long employment and credit history, no bankruptcies or public records, and a mid-to-upper 600s FICO consistent with a B-grade loan. While high revolving utilization and recent delinquencies add risk, the overall profile appears more likely to result in full repayment than charge-off.",587,82,0.0026975000000000002
with_desc,1,1,1,1,1,"This borrower shows strong credit quality with an A2 grade, high FICO score (740-744), low debt-to-income ratio, no delinquencies or bankruptcies, and a long credit history. The low interest rate and moderate loan amount relative to income further suggest a high likelihood of full repayment.",575,76,0.0025775
with_desc,1,0,1,0,1,"This application shows elevated default risk due to the D2 grade, relatively high 18.25% interest rate, very high revolving utilization at 94%, and a recent delinquency history. While income and credit history length are decent, the weaker credit profile and signs of existing debt stress make a charge-off more likely.",544,79,0.0025450000000000004
with_desc,1,1,1,1,1,"This borrower shows generally solid repayment capacity with a moderate loan amount, strong income, mortgage homeownership, no bankruptcies or public records, and a mid-to-upper 600s FICO consistent with grade B. While the recent delinquency and short employment length add some risk, the overall profile appears more likely to fully repay than charge off.",533,83,0.0025775
with_desc,1,1,1,1,1,"This borrower shows strong repayment indicators: high income, solid B-grade/FICO around 715-719, low DTI, long credit history, and no delinquencies or bankruptcies. While the loan amount is sizable and employment length is short, the overall credit profile suggests a higher likelihood of full repayment than charge-off.",551,80,0.0025775
with_desc,1,1,1,1,1,"This borrower appears low risk due to the strong credit profile: grade A/A5, solid FICO around 705-709, no delinquencies or bankruptcies, long credit history, high income, and a manageable debt-to-income ratio. While revolving utilization is moderately elevated and the loan is for debt consolidation, the overall profile supports a likely fully paid outcome.",543,88,0.0026775
with_desc,1,1,0,1,0,"This borrower shows several positive credit factors, including a solid FICO score around 690, long employment and credit history, no recent delinquencies or inquiries, low revolving utilization, and no bankruptcies or public records. While the 60-month term, mid-grade C rating, and prior delinquency history add some risk, the overall profile suggests a higher likelihood of full repayment than default.",534,93,0.00273
with_desc,1,0,0,0,0,"This loan shows elevated default risk due to the very high interest rate, poor assigned grade (F1), high debt-to-income ratio, and high revolving utilization. Although the borrower has long credit history, verified income, and no recent inquiries or recent delinquencies, the overall risk profile leans toward charge-off.",553,78,0.0025525
with_desc,1,1,1,1,1,"This borrower shows generally solid repayment indicators: mid-to-high 600s FICO, no recent delinquencies, no bankruptcies or public records, manageable debt-to-income, and stable employment. While the C4 grade, relatively high interest rate, and very high revolving utilization add risk, the overall profile still leans toward full repayment.",527,83,0.0025625
with_desc,1,1,1,1,1,"The borrower shows generally solid credit quality with a near-700 FICO score, long credit history, stable long-term employment, manageable debt-to-income ratio, and no recent major derogatory events or bankruptcies. While the C-grade, prior delinquency history, and unverified income add some risk, the overall profile appears more consistent with full repayment than charge-off.",545,88,0.0026825
with_desc,1,0,0,0,0,"The borrower has some strengths like a mid-range FICO score, verified income, and long credit history, but the risk is elevated by five recent delinquencies, high revolving utilization, a high debt-to-income ratio, and a 60-month C-grade loan. These factors suggest a higher likelihood of charge-off than full repayment.",578,81,0.00266
with_desc,1,1,1,1,1,"This borrower appears very likely to fully repay given the excellent credit profile: high FICO (745-749), top-grade A1 loan, low debt-to-income ratio, no delinquencies or bankruptcies, and long, clean credit history. The low interest rate and moderate utilization also support strong repayment capacity despite the short employment length and unverified income.",543,86,0.0026475
with_desc,1,1,1,1,1,"This borrower appears likely to fully repay due to the strong credit profile: high FICO score, Grade A loan, no recent delinquencies or bankruptcies, low revolving utilization, and verified solid income. While the debt-to-income ratio is somewhat elevated and employment length is short, the overall risk indicators remain favorable.",530,78,0.002495
with_desc,1,1,1,1,1,"This borrower shows generally solid credit quality with a near-700 FICO score, long credit history, no recent delinquencies or bankruptcies, and only one recent inquiry. While the high revolving utilization, elevated DTI, and unverified income add risk, the overall profile is more consistent with a fully paid loan than a charge-off.",566,83,0.00266
with_desc,1,1,1,1,1,"Despite the high interest rate and lower loan grade, the borrower shows strong repayment capacity with high verified income, low revolving utilization, excellent FICO score, long employment history, and no delinquencies or bankruptcies. The clean credit profile and manageable debt-to-income ratio support a prediction of full repayment.",529,75,0.0024475
with_desc,1,0,0,0,0,"This application shows several elevated risk factors: subprime C5 grade, relatively high DTI, recent delinquency history, short employment and credit history, and a mid-600s FICO score. While the loan amount is modest and income is verified, the overall profile leans more toward charge-off risk than full repayment.",539,80,0.0025475000000000003
with_desc,1,1,1,1,1,"This borrower shows several positive repayment indicators, including a solid B-grade with near-700 FICO, low debt-to-income ratio, long employment and credit history, and no recent delinquencies. While the prior public record bankruptcy and relatively high revolving utilization add some risk, the overall profile appears more consistent with a fully paid loan than a charge-off.",525,85,0.0025875000000000004
with_desc,1,1,0,1,0,"Despite the high interest rate and lower grade, the borrower shows strong repayment capacity with high verified income, very low DTI, long credit history, and no recent delinquencies or bankruptcies. The moderate FICO score and past delinquency add some risk, but the overall profile supports a Fully Paid prediction.",538,77,0.0025
with_desc,1,1,1,1,1,"The borrower shows generally solid repayment capacity with verified $70,000 income, moderate DTI, no delinquencies or bankruptcies, and a reasonably long credit history. While the C4 grade, 16.29% rate, and mid-600s FICO indicate some risk, the overall profile appears more consistent with a fully paid loan than a charge-off.",550,89,0.0027099999999999997
with_desc,1,1,0,1,0,"I predict Fully Paid because the borrower has no recent delinquencies, bankruptcies, or public derogatory records, along with a long credit history and no recent credit inquiries. While the interest rate, D-grade, and relatively high debt-to-income ratio increase risk, the overall profile appears more consistent with repayment than charge-off.",527,80,0.0025174999999999998
with_desc,0,0,0,1,1,"This loan shows elevated default risk due to the very high interest rate, poor grade (F1), 60-month term, and low income relative to the loan size, with no employment history reported. While the borrower has no recent delinquencies or bankruptcies and a mid-range FICO score, the overall risk profile is more consistent with a charged-off outcome.",556,88,0.0027099999999999997
with_desc,1,1,1,1,1,"This borrower shows strong repayment indicators: prime-grade A5 pricing, solid FICO around 715-719, long credit history, no recent delinquencies, no bankruptcies, and no recent inquiries. While revolving utilization and DTI are somewhat elevated, the modest loan size relative to income and otherwise clean credit profile suggest the loan is more likely to be fully repaid.",540,90,0.0027
with_desc,1,1,0,1,0,"Despite the higher-rate D3 grade and low income, the borrower has strong compensating factors: a solid FICO around 715-719, very long credit history, no recent delinquencies, no bankruptcies, low DTI, and no recent inquiries. These indicators suggest lower default risk and a higher likelihood of full repayment.",571,82,0.0026575
with_desc,1,1,1,1,1,"This borrower appears very low risk due to an excellent FICO score, top-grade A1 pricing, strong income, low debt-to-income ratio, long credit history, and no recent delinquencies, bankruptcies, or inquiries. The loan amount is modest relative to income and the borrower’s revolving utilization is low, supporting a high likelihood of full repayment.",559,86,0.0026875
with_desc,1,1,1,1,1,"This borrower shows several positive repayment indicators: solid verified income, moderate DTI, long credit history, no recent delinquencies or bankruptcies, and no recent inquiries. While the 60-month term, mid-grade C3 rating, and mid-600s FICO add some risk, the overall profile appears more consistent with a fully paid loan than a charge-off.",532,89,0.002665
with_desc,1,1,0,1,0,"I predict Fully Paid because the borrower shows moderate but manageable risk: stable income, home ownership, no recent delinquencies, no bankruptcies, and a reasonable debt-to-income ratio. While the D-grade, mid-660s FICO, and prior delinquency history increase risk, the overall profile appears strong enough to support repayment.",532,82,0.0025599999999999998
with_desc,1,1,1,1,1,"I predict this loan is more likely to be Fully Paid because the borrower has a long credit history, no recent delinquencies or bankruptcies, verified income, and long employment tenure. While the grade C2, 15.31% rate, and somewhat high DTI/utilization add risk, the small loan amount and otherwise solid credit profile support repayment.",542,87,0.00266
with_desc,1,1,1,1,1,"This borrower shows very strong credit quality with a high FICO score, A2 grade, low debt-to-income ratio, very low revolving utilization, no recent inquiries, and no bankruptcies or public records. Although there is a past delinquency on record, the overall profile is low risk and supports a prediction of full repayment.",606,80,0.002715
