actual,llm_pred,xgb_pred,llm_correct,xgb_correct,llm_reasoning
1,1,1,1,1,"The borrower has an exceptionally low debt-to-income ratio (3.57%) and a very long, clean credit history extending over 40 years with no derogatory marks. While revolving utilization is high, the loan purpose is credit card consolidation, which should improve their financial standing, indicating a strong capacity and willingness to repay."
1,0,0,0,0,"The borrower exhibits significant financial distress, indicated by an extremely high revolving utilization rate of 74.5% and a high interest rate of 22.4% assigned by LC (Grade E). Despite no derogatory public records, the debt consolidation purpose and the substantial existing credit card debt suggest a high likelihood of defaulting on this new loan."
1,0,0,0,0,"Despite a very low debt-to-income ratio and excellent revolving utilization, the loan carries a high interest rate of 21% and is assigned a low LC grade of 'E'. These factors indicate a significant risk profile as assessed by the lender, statistically correlating with a higher likelihood of default."
1,0,0,0,0,"The borrower has a low annual income ($30,000) and a very high revolving credit utilization rate (68.1%), indicating significant existing credit strain. This, combined with a large number of open accounts, suggests a high risk of overextension and difficulty managing additional debt, despite a long credit history and no prior derogatory marks."
1,0,1,0,1,"The applicant presents significant red flags, including an extremely high revolving utilization rate of 79.7% and a large revolving balance relative to their low, unverified annual income. These factors, combined with the loan's purpose for debt consolidation, indicate severe financial strain and a high risk of default."
1,0,0,0,0,"Despite a good debt-to-income ratio and long credit history, the borrower has a derogatory public record and very high revolving credit utilization (66.7%), indicating significant past and present financial stress. The low LC loan grade (D1) also reflects high risk."
1,1,1,1,1,"The borrower has a strong credit profile, characterized by a very long credit history (almost 30 years), verified substantial income, and a low debt-to-income ratio of 21.71%. Additionally, there are no derogatory public records or bankruptcies, indicating responsible financial behavior."
1,1,1,1,1,"The borrower exhibits strong creditworthiness with an excellent LC loan grade (A3), a very low debt-to-income ratio of 9.62%, a long credit history (over 20 years), and no derogatory public records, indicating a high likelihood of full repayment."
1,0,1,0,1,"The extremely high revolving utilization rate of 81.4% and a low annual income of $29,000 strongly suggest financial strain and difficulty managing existing debt. Despite a long credit history, these factors, coupled with the LC grade of C3 and unverified income, indicate a high likelihood of default."
1,1,1,1,1,"The borrower has a very long credit history, a low debt-to-income ratio (18.48%), and owns their home, which are strong indicators of financial stability and repayment capacity. These factors outweigh the C5 loan grade and slightly high revolving utilization rate for this small loan."
1,0,1,0,1,"Despite a good income and low DTI, the extremely high revolving utilization rate (74.7%) and the LC assigned loan grade of D5 indicate significant existing credit distress and a high risk profile. These factors, combined with a high interest rate, suggest a strong likelihood of default."
1,0,0,0,0,"The borrower has a very high revolving utilization rate (73.7%) and was assigned a high-risk 'E' grade by LC, indicating significant financial strain. Despite a reasonable DTI and long credit history, these factors combined with the high interest rate suggest a elevated likelihood of default."
1,0,1,0,1,"Despite a strong income and low DTI, the extremely high revolving utilization rate (97.5%) and the very high interest rate (21.49%) with an LC grade of 'E' indicate significant existing financial distress and a high likelihood of default."
1,1,1,1,1,"The borrower has an excellent debt-to-income ratio (15.98%), a long credit history with no derogatory public records or bankruptcies, and a favorable LC loan grade (B1) with a moderate interest rate. These strong indicators suggest a high likelihood of full repayment, despite being a renter and having a slightly elevated revolving utilization."
0,0,0,1,1,"The borrower exhibits significant financial distress, with an extremely high revolving utilization rate (88.7%) and a high interest rate (19.99%), reflected in the low LC grade (E/E1). These factors, combined with the debt consolidation purpose and rent status, suggest a very high likelihood of default."
1,0,1,0,1,"The presence of public record bankruptcies and other derogatory public records indicates a high-risk borrower with a history of severe financial distress. Despite a low current debt-to-income ratio, these significant past events elevate the likelihood of default."
1,1,1,1,1,"The borrower exhibits a very long and clean credit history with no derogatory marks or bankruptcies, coupled with an excellent debt-to-income ratio. Despite a modest income, the small loan amount and manageable monthly payment suggest strong affordability and a high likelihood of full repayment."
1,1,1,1,1,"The borrower exhibits strong repayment capacity with a high annual income and a very low debt-to-income ratio. A long, clean credit history with no derogatory marks or bankruptcies, combined with homeownership, indicates significant financial stability."
1,1,1,1,1,The borrower exhibits strong financial capacity with a high annual income and an exceptionally low debt-to-income ratio (11.75%). A long credit history and absence of derogatory records or bankruptcies further indicate a low credit risk despite being a renter with a moderately high revolving utilization.
1,1,1,1,1,"The borrower exhibits a very strong credit profile, evidenced by an excellent LC grade (A1), a very low debt-to-income ratio (13.78%), an extensive and clean credit history spanning over 45 years, and a low revolving utilization rate (16.6%). These factors strongly indicate a high likelihood of full repayment."
1,1,1,1,1,"The borrower has an exceptionally low debt-to-income ratio (11.93%) and a very long, clean credit history (since 1988). Combined with good revolving utilization and homeownership, these factors strongly indicate a high likelihood of full repayment."
0,0,0,1,1,"The borrower has a very high revolving utilization rate (82.7%) and a high debt-to-income ratio (34.6%), coupled with an extremely high interest rate (21.0%) and a poor LC loan grade (E2). These factors indicate significant financial strain and a high likelihood of default."
1,1,1,1,1,"Despite a high revolving utilization rate (80.4%), the borrower exhibits strong repayment capacity with a very low debt-to-income ratio (18.59%) and a high annual income. A long, clean credit history with no derogatory records or bankruptcies further supports a positive outcome for this debt consolidation loan."
1,1,1,1,1,"The borrower has a very high annual income ($118,000) and an exceptionally low debt-to-income ratio (4.23%), indicating strong repayment capacity. Despite a somewhat high revolving utilization, their overall financial stability and lack of derogatory marks suggest a high likelihood of fully repaying the loan."
1,0,0,0,0,"The borrower exhibits significant financial strain, highlighted by an extremely high revolving utilization rate of 78.2% and an LC assigned loan grade of C2. These factors, alongside a high debt-to-income ratio and the loan's purpose for debt consolidation, point to an elevated risk of default despite a long credit history."
1,0,0,0,0,"The borrower presents significant credit risk, evidenced by a very high interest rate (19.05%), an LC grade of D4, and an extremely high revolving utilization rate of 84%. These factors, coupled with a high post-loan debt-to-income ratio (nearly 40%), indicate a high likelihood of financial distress and default."
1,1,1,1,1,"The borrower exhibits strong financial indicators including a very low debt-to-income ratio (16.17%), low revolving utilization (13.6%), and a long, clean credit history with no derogatory marks. These factors, combined with homeownership and verified income, suggest a high likelihood of full repayment."
0,0,1,1,0,"The loan has a high interest rate (17.57%) and a low LC grade (D), indicating high risk from the lender's perspective. The borrower's revolving utilization rate is critically high at 87.7%, suggesting significant existing debt burden and financial strain, which increases the likelihood of default."
1,0,0,0,0,"The loan carries an extremely high interest rate (23.5%) and was assigned an 'F' grade by LC, indicating very high risk. Additionally, a debt-to-income ratio of 1.53 (153%) suggests the borrower's debt obligations are unsustainable, leading to a high probability of default despite some positive credit history."
1,0,0,0,0,"The borrower exhibits high credit risk due to a very low annual income ($26,000) combined with high revolving credit utilization (57.5%) and a high interest rate (17.27%), suggesting an unsustainable debt burden relative to income, especially after factoring in the new loan's payment."
1,1,1,1,1,"The borrower exhibits strong creditworthiness with an excellent LC grade (A/A5), a very low debt-to-income ratio (18.22%), and a long, clean credit history with responsible utilization."
1,0,1,0,1,"Despite a high income and low debt-to-income ratio, the borrower presents a very high revolving utilization rate of 77.3%. This, combined with the C3 loan grade and debt consolidation purpose, indicates significant pre-existing credit strain and a higher risk of default."
0,1,1,0,0,"The borrower has an excellent LC loan grade (A, A4) with a very low interest rate, a long and clean credit history, and high annual income. These strong positive indicators outweigh the moderately high revolving utilization rate."
1,0,0,0,0,"The borrower presents several high-risk indicators, including an extremely high interest rate (23.63%) and a poor LC loan grade (F, F3). The revolving utilization rate is critically high at 93.6%, signaling severe financial strain and difficulty managing existing debt, which is further exacerbated by the loan purpose of debt consolidation."
0,1,0,0,1,"The borrower exhibits a very low debt-to-income ratio (10.54%) and owns their home outright with no mortgage, indicating substantial financial capacity and minimal existing debt obligations. Despite a high revolving utilization rate (52.8%) and a C4 loan grade, these positive financial indicators suggest a strong ability to fully repay the loan."
1,0,0,0,0,"The borrower presents several red flags, including a high revolving credit utilization rate (67.2%), unverified income, and a relatively high interest rate (15.61% with a C4 grade), collectively indicating an elevated risk of financial strain and default."
1,0,0,0,0,"The borrower has an extremely high revolving utilization rate (96.5%) and was assigned a very poor loan grade (E5) with a high interest rate (22.7%). These factors, combined with a relatively low income, indicate significant financial distress and a high likelihood of default."
1,1,1,1,1,"The borrower exhibits strong repayment capacity with a very low debt-to-income ratio (16.2%) and a long credit history free of derogatory marks or bankruptcies. Despite a moderately high revolving utilization rate, the small loan amount and stable homeownership status indicate a high likelihood of full repayment."
1,1,1,1,1,"The borrower has a very good debt-to-income ratio (23.15%) and a long, clean credit history with no derogatory public records or bankruptcies. While the revolving utilization rate is high at 57.7%, the low DTI indicates sufficient income to manage the overall debt burden, including the new loan."
1,1,1,1,1,"The borrower exhibits strong repayment capacity with a very low debt-to-income ratio (12.44%) and responsible credit utilization (26.1%). Coupled with a long, clean credit history and verified income, the risk of default is low."
1,0,1,0,1,"Despite a low debt-to-income ratio and stable income, the presence of a public record bankruptcy, other derogatory public records, and a very high revolving credit utilization rate (65%) indicate significant past credit distress and an elevated risk of future default. The high interest rate and LC C4 grade further reflect this inherent risk."
1,1,1,1,1,"The borrower has an excellent LC loan grade (A5) with a relatively low interest rate, a long credit history (20+ years), and no derogatory public records or bankruptcies. Although the revolving utilization is high, the loan's purpose for credit card consolidation, combined with an otherwise strong credit profile, suggests a high likelihood of successful repayment."
1,1,1,1,1,"Despite past credit issues including a public record bankruptcy, the borrower demonstrates exceptional current repayment capacity with a high annual income of $119,000 and an extremely low debt-to-income ratio of 5.06%, making the small $7,200 loan highly manageable."
0,0,0,1,1,"Despite a good income and clean public records, the extremely high interest rate (25.8%) and the lowest LC loan grade (G1) indicate significant risk. The critical factor is the very high revolving utilization rate (92.5%), which suggests the borrower is already stretched thin on existing credit and is highly likely to default on a new, large, high-interest loan."
1,0,0,0,0,"The borrower presents significant risk due to an extremely high revolving utilization rate (81.9%), a low annual income relative to the loan amount, and the purpose of debt consolidation. These factors, alongside a low LC loan grade (D3) and a high interest rate, suggest a high likelihood of defaulting on the loan."
1,0,0,0,0,"Despite a high income and good DTI, the extremely high revolving utilization rate (82.4%) indicates significant credit strain. The D5 loan grade and high interest rate (19.72%) reflect the lender's assessment of high risk, making default likely."
1,1,1,1,1,"The borrower has an excellent LC loan grade (A, A4) with a very low interest rate, indicating a strong credit profile. Despite a slightly elevated debt-to-income ratio and renting, the long credit history, lack of derogatory marks, and verified income suggest a high likelihood of full repayment."
1,0,1,0,1,"The very high revolving utilization rate (92.1%) combined with the LC assigned D-grade and high interest rate (17.27%) indicate significant existing credit stress. Despite a low debt-to-income ratio, the reliance on maxed-out revolving credit suggests a high likelihood of financial difficulty leading to default."
1,1,1,1,1,"The borrower exhibits strong repayment capacity with a very low debt-to-income ratio (12.43%) and a long credit history since 2002. While revolving utilization is high, the overall financial picture, including homeownership and lack of derogatory records, suggests a high likelihood of full repayment."
1,0,1,0,1,"Despite a strong income, low debt-to-income ratio, and long credit history, the extremely high revolving utilization rate of 78.8% indicates significant existing debt burden and limited financial flexibility, increasing the risk of default."
1,1,1,1,1,"The borrower has an excellent LC loan grade (A4), a low debt-to-income ratio, and a long, clean credit history with no derogatory marks or bankruptcies. These factors strongly suggest a high likelihood of full repayment despite the 'RENT' home ownership status and 'Not Verified' income."
1,0,1,0,1,"The borrower's income is not verified, and their revolving credit utilization is high at 58.4%. These factors, coupled with the debt consolidation purpose, indicate a elevated risk of struggling to manage existing and new debt obligations."
1,1,1,1,1,"The borrower demonstrates strong repayment capacity with a high annual income ($130,000) and an exceptionally low debt-to-income ratio (12.98%). This, combined with a long credit history and no derogatory public records, outweighs the concern of high revolving credit utilization for this loan amount."
1,1,1,1,1,"The borrower exhibits strong financial health with a high income, very low debt-to-income ratio, and a long, clean credit history. Verified income and homeownership further reduce the risk of default."
1,1,1,1,1,"The borrower has an excellent LC loan grade (A4), a very low debt-to-income ratio (13.07%), and a strong, long credit history (since 1987). These factors indicate a high capacity and likelihood of full repayment, despite being a renter with unverified income."
1,1,1,1,1,"The borrower has a very high annual income, a low debt-to-income ratio, and an exceptionally long and clean credit history, indicating strong repayment capacity and creditworthiness. Despite unverified income and a slightly elevated revolving utilization rate, these are largely offset by other positive factors."
1,0,1,0,1,"The borrower exhibits a very high revolving credit utilization rate (78.7%), indicating significant reliance on available credit. This, combined with unverified income and a C-grade loan, suggests elevated financial stress and a higher risk of default despite a relatively low debt-to-income ratio."
1,1,1,1,1,"The borrower exhibits exceptional current financial health, with a very high annual income and an extremely low debt-to-income ratio, indicating strong repayment capacity for this loan. Although there are past public record bankruptcies and derogatory marks, their current financial stability, long credit history, and low credit utilization suggest these issues have been mitigated, supporting a high likelihood of full repayment."
1,1,1,1,1,"The borrower exhibits strong creditworthiness with a very low debt-to-income ratio (12.08%), a long and clean credit history (earliest line 2001), and no derogatory public records or bankruptcies. Their verified income and manageable revolving utilization further support a high likelihood of full repayment."
0,0,0,1,1,"The loan carries a very high interest rate (20.49%) and is assigned a high-risk LC grade (E1). A revolving utilization rate of 67.1% indicates the borrower is heavily extended on existing credit, significantly increasing the likelihood of default despite a moderate debt-to-income ratio and long credit history."
1,1,1,1,1,"The borrower exhibits strong repayment capacity with a low debt-to-income ratio (20.42%) and a very long, clean credit history. While revolving utilization is high, the overall financial picture, including home ownership and a good income, suggests the borrower is capable of managing the debt."
0,0,1,1,0,"The borrower exhibits significant financial strain, evidenced by an extremely high revolving utilization rate (83.3%) and a high debt-to-income ratio. These factors, combined with an unverified income and the purpose of debt consolidation, indicate a high risk of default."
1,1,1,1,1,"Despite the high interest rate and LC grade 'E', the borrower demonstrates strong repayment capacity with a very high annual income ($170,000) and an exceptionally low debt-to-income ratio (9.66%). Additionally, they have a long and clean credit history with no derogatory public records or bankruptcies."
1,0,0,0,0,"The borrower presents high credit risk due to a very high revolving utilization rate (87.2%) and a high debt-to-income ratio (32.1%), indicating significant existing debt relative to their modest income. These factors, combined with a 'C3' loan grade, strongly suggest a likelihood of default."
1,1,1,1,1,"The borrower has an exceptionally low debt-to-income ratio (5.88%), a long and clean credit history spanning over 30 years, and a stable home ownership status with a mortgage. These strong indicators of financial responsibility and capacity suggest a high likelihood of full repayment, despite the 'Not Verified' income status."
1,0,0,0,0,"The borrower exhibits significant financial strain, evidenced by an extremely high revolving utilization rate (96.8%) and a very high interest rate (20.5%) for an LC Grade E loan. These factors strongly suggest an inability to manage existing debt, leading to a high risk of default."
1,0,0,0,0,"Despite a long credit history and no prior bankruptcies or derogatory marks, the borrower faces significant financial strain. The high interest rate (15.31%) and LC grade (C4) indicate elevated risk, further compounded by a moderate income and a high debt-to-income ratio (nearing 35% after the new loan) for a debt consolidation purpose."
1,0,1,0,1,"Despite a low debt-to-income ratio and a long credit history, the extremely high revolving utilization rate of 74% indicates the borrower is significantly overextended and heavily reliant on credit. This, combined with unverified income, points to a higher risk of default."
1,0,1,0,1,"Despite a good income and long credit history, the very high revolving utilization rate (80.1%) and the LC assigned loan grade of C3 suggest significant existing financial strain. This elevated risk, combined with a high interest rate of 15.8%, increases the likelihood of default."
0,0,0,1,1,"The very high revolving utilization rate (93.7%) combined with a low LC loan grade (E) and a high interest rate (20.49%) strongly indicates significant financial strain and high risk of default. The borrower appears to be struggling with existing debt, making full repayment of this new loan unlikely."
1,0,1,0,1,"The borrower presents high risk due to derogatory public records and an extremely high revolving utilization rate (98.2%), indicating severe financial strain and a history of poor credit management. The LC loan grade of D1 further reflects this elevated risk."
1,1,1,1,1,"The borrower has an excellent LC loan grade and interest rate, a very low debt-to-income ratio, and extremely low revolving credit utilization, all indicating strong creditworthiness and ability to manage debt despite their income."
1,1,1,1,1,"Despite a C-grade and high revolving utilization, the borrower has an exceptionally long and clean credit history (40+ years, no derogatory marks or bankruptcies) coupled with a very low debt-to-income ratio (10.56%), indicating a strong capacity and willingness to repay."
1,1,0,1,0,"Despite the high interest rate and LC grade D, the borrower's exceptionally low debt-to-income ratio (4.45%), high annual income, and extensive, clean credit history indicate strong repayment capacity and financial stability."
0,0,0,1,1,"The borrower has an extremely high interest rate (25.89%) and a very low LC loan grade (G3), indicating high perceived risk by the lender. Additionally, the revolving utilization rate is high at 63.3%, and the loan is for debt consolidation, suggesting potential existing financial strain."
1,1,1,1,1,"The borrower exhibits a strong capacity for repayment due to a very low debt-to-income ratio (17.57%) and a long, unblemished credit history. Although the revolving utilization rate is high and the interest rate indicates some perceived risk, the purpose of debt consolidation, combined with verified income and homeownership, suggests a borrower likely to manage their obligations."
1,0,0,0,0,"The extremely high interest rate (19.52%) and poor LC grade (D4) signal significant risk. This is further exacerbated by a high revolving credit utilization rate (52.1%) and the purpose of debt consolidation, indicating potential financial strain."
1,1,1,1,1,"The borrower exhibits a very strong repayment capacity due to a low debt-to-income ratio (14.77%), a long and clean credit history spanning over 20 years, and excellent revolving credit utilization (22.4%). These factors, combined with source-verified income and no derogatory records, suggest a high likelihood of full repayment."
0,1,1,0,0,"The borrower exhibits strong repayment capacity with a very low debt-to-income ratio (17.16%) and a long, clean credit history spanning over 30 years with no derogatory records or bankruptcies. Although their revolving utilization is a bit high, these core strengths significantly mitigate that risk."
1,1,1,1,1,"The borrower exhibits strong financial health with an exceptionally low debt-to-income ratio of 7.82%, a long credit history dating back to 1999, and no derogatory public records or bankruptcies. These factors strongly indicate a high likelihood of full repayment."
1,1,1,1,1,"The borrower exhibits strong financial capacity with a high annual income and a very low debt-to-income ratio, indicating ample ability to manage the loan payments. Although revolving credit utilization is high, the loan's purpose of debt consolidation aims to address this, supported by a long and clean credit history."
0,0,0,1,1,"The borrower exhibits high financial strain, evidenced by a very high revolving utilization rate of 74.1% and a C-grade loan, indicating elevated risk. While having a long credit history and home ownership are positive, the debt consolidation purpose combined with stretched credit suggests a higher likelihood of default."
1,0,0,0,0,"The loan has a very high interest rate (21.98%) and a poor LC grade (E4), indicating high risk as assessed by the lender. This is further supported by an extremely high revolving utilization rate of 84.2%, which suggests significant financial strain and reliance on revolving credit."
1,1,1,1,1,"The borrower exhibits strong repayment capacity with a very low debt-to-income ratio (15.19%) and an extensive, clean credit history spanning almost 30 years. These positives outweigh concerns like unverified income and a moderately high revolving utilization rate."
1,0,1,0,1,"The borrower has a low annual income ($25,000) and a very high revolving utilization rate (51.8%), indicating significant existing financial strain. Combined with renter status and unverified income, these factors present a high risk of default."
1,1,1,1,1,"The borrower has an excellent financial profile, including a very low debt-to-income ratio (4.0%), a high annual income ($120,000), a long credit history with no derogatory marks, and an 'A' grade from LC. These factors strongly indicate a high likelihood of full repayment."
1,1,1,1,1,"The borrower demonstrates strong financial health, characterized by a very low debt-to-income ratio (10.59%), responsible credit utilization, and a long, clean credit history with no derogatory marks. These indicators suggest a high capacity and willingness to repay the loan."
1,1,1,1,1,"The borrower exhibits strong repayment capacity with a low debt-to-income ratio (23.34%), a long credit history spanning over two decades, and a solid, verified annual income of $75,000. Additionally, there are no derogatory public records or bankruptcies, indicating responsible financial behavior."
1,0,0,0,0,"The borrower's high debt-to-income ratio (30.16%) combined with a high interest rate (17.27%) and a long 60-month term indicate significant financial strain. These factors increase the likelihood of default, despite a good income and a long credit history."
0,1,1,0,0,"The borrower has a strong financial profile with a low debt-to-income ratio (22.04%), verified income, and an exceptionally long, clean credit history spanning decades. Despite a higher revolving utilization, their substantial experience managing debt and homeownership indicate a high capacity and likelihood of repayment, particularly for debt consolidation."
0,0,0,1,1,"The borrower presents multiple high-risk indicators, including a very high interest rate (19.05%), an LC grade of D, a high debt-to-income ratio (31.62%), and critically, an extremely high revolving utilization rate of 59.3%. These factors, combined with the debt consolidation purpose and long loan term, point to a significant likelihood of default."
1,1,1,1,1,"The borrower exhibits strong repayment capacity due to a very low debt-to-income ratio (5.68%) and a long, clean credit history. Despite high revolving utilization, verified income and home ownership suggest financial stability to manage the loan."
0,1,1,0,0,"The borrower exhibits strong repayment capacity with an excellent debt-to-income ratio (18.7%) and a long, clean credit history as a homeowner. While the revolving utilization rate is high, the overall financial stability and ability to manage existing debt suggest a high likelihood of fully repaying this loan."
1,0,0,0,0,"Despite a long credit history and no derogatory records, the LC assigned loan grade of 'D' and the high interest rate (17.77%) indicate a significant perceived risk by the lender. Additionally, an elevated revolving utilization rate and the loan's purpose for debt consolidation suggest potential financial strain."
1,0,1,0,1,"Despite a very long and clean credit history, the high Debt-to-Income ratio (31.95%) and revolving utilization rate (48.2%) indicate significant current financial strain. This, combined with the debt consolidation purpose, suggests a high risk of difficulty managing the new loan payments."
1,0,1,0,1,"Despite a low debt-to-income ratio, the high revolving utilization rate of 74.4% and the LC assigned loan grade of D1 indicate significant existing credit stress. This suggests a higher likelihood of default as the borrower is already heavily reliant on existing credit."
1,1,1,1,1,"The borrower has an excellent LC loan grade (A5) and a very long, clean credit history with no derogatory marks or bankruptcies. Coupled with a strong annual income, low debt-to-income ratio, and homeownership, the risk of default is very low despite a slightly elevated revolving utilization."
1,1,1,1,1,"The borrower exhibits strong creditworthiness with an LC grade of A1, an exceptionally low debt-to-income ratio of 7.23%, and a long, clean credit history. These factors, combined with a low interest rate and responsible revolving utilization, indicate a high likelihood of full repayment."
0,1,1,0,0,"The borrower demonstrates strong current repayment capacity with an exceptionally high annual income ($145,000) and an extremely low debt-to-income ratio (3.84%). Despite a history of derogatory records and bankruptcy, the small loan amount ($6,500) and low monthly payments are highly affordable."
1,1,1,1,1,"The borrower exhibits an excellent credit profile, marked by an A-grade loan, very low debt-to-income ratio (13.15%), and a long, clean credit history. These strong indicators suggest a high capacity and likelihood of fully repaying the loan."
